"Name","Email__c","Phone__c","Address__c","Country__c","City__c"
"SAMPLE - Aurora Studios","eventforce.sample1@example.com","0000000001","Fictional Demo Address 1, Sample Street","India","Chennai"
"SAMPLE - Cedar Collective","eventforce.sample2@example.com","0000000002","Fictional Demo Address 2, Sample Street","India","Bangalore"
"SAMPLE - Lotus Learning","eventforce.sample3@example.com","0000000003","Fictional Demo Address 3, Sample Street","India","Mumbai"
"SAMPLE - Meridian Labs","eventforce.sample4@example.com","0000000004","Fictional Demo Address 4, Sample Street","India","Delhi"
"SAMPLE - Bluebird Arts","eventforce.sample5@example.com","0000000005","Fictional Demo Address 5, Sample Street","India","Hyderabad"
"SAMPLE - Maple Community","eventforce.sample6@example.com","0000000006","Fictional Demo Address 6, Sample Street","India","Chennai"
"SAMPLE - Silverline Media","eventforce.sample7@example.com","0000000007","Fictional Demo Address 7, Sample Street","India","Bangalore"
"SAMPLE - Sunrise Foundation","eventforce.sample8@example.com","0000000008","Fictional Demo Address 8, Sample Street","India","Mumbai"
"SAMPLE - Horizon Works","eventforce.sample9@example.com","0000000009","Fictional Demo Address 9, Sample Street","India","Delhi"
