"Event Name","Event Type","Event Date","Event Status","Client","Venue"
"SAMPLE - Autumn Leadership Summit","Corporate","2026-10-10","Planned","SAMPLE - Aurora Studios","SAMPLE - Cedar Convention Centre"
"SAMPLE - Garden Wedding Showcase","Wedding","2026-10-14","Planned","SAMPLE - Cedar Collective","SAMPLE - Lotus Garden Pavilion"
"SAMPLE - Creative Learning Day","Birthday","2026-10-18","Planned","SAMPLE - Lotus Learning","SAMPLE - Meridian Conference Hall"
"SAMPLE - Community Anniversary","Anniversary","2026-10-22","Planned","SAMPLE - Meridian Labs","SAMPLE - Bluebird Arts Theatre"
"SAMPLE - Festival of Lights","Festival","2026-10-26","Planned","SAMPLE - Bluebird Arts","SAMPLE - Maple Community Hall"
"SAMPLE - Acoustic Evening","Concert","2026-10-30","Planned","SAMPLE - Maple Community","SAMPLE - Silverline Rooftop"
"SAMPLE - Innovation Workshop","Other","2026-11-01","Planned","SAMPLE - Silverline Media","SAMPLE - Sunrise Banquet Hall"
"SAMPLE - Winter Partners Meet","Corporate","2026-11-10","Planned","SAMPLE - Sunrise Foundation","SAMPLE - Horizon Exhibition Centre"
"SAMPLE - Client Appreciation Day","Other","2026-11-15","Planned","SAMPLE - Horizon Works","SAMPLE - Riverstone Auditorium"
"SAMPLE - Community Arts Review","Other","2026-09-25","Completed","SAMPLE - Aurora Studios","SAMPLE - Cedar Convention Centre"
