"Event Vendor Name","Event","Vendor"
"SAMPLE - Assignment 01","SAMPLE - Autumn Leadership Summit","SAMPLE - Cedar Catering"
"SAMPLE - Assignment 02","SAMPLE - Garden Wedding Showcase","SAMPLE - Lotus Decor"
"SAMPLE - Assignment 03","SAMPLE - Creative Learning Day","SAMPLE - Meridian Photography"
"SAMPLE - Assignment 04","SAMPLE - Community Anniversary","SAMPLE - Bluebird Films"
"SAMPLE - Assignment 05","SAMPLE - Festival of Lights","SAMPLE - Maple Lighting"
"SAMPLE - Assignment 06","SAMPLE - Acoustic Evening","SAMPLE - Silverline Stages"
"SAMPLE - Assignment 07","SAMPLE - Innovation Workshop","SAMPLE - Sunrise Makeup"
"SAMPLE - Assignment 08","SAMPLE - Winter Partners Meet","SAMPLE - Horizon Music"
"SAMPLE - Assignment 09","SAMPLE - Client Appreciation Day","SAMPLE - Riverstone Transport"
"SAMPLE - Assignment 10","SAMPLE - Community Arts Review","SAMPLE - Aurora Hosts"
