"Rating","Comments","Client","Event"
"3","Synthetic demonstration feedback 1; not a real customer review.","SAMPLE - Aurora Studios","SAMPLE - Autumn Leadership Summit"
"4","Synthetic demonstration feedback 2; not a real customer review.","SAMPLE - Cedar Collective","SAMPLE - Garden Wedding Showcase"
"5","Synthetic demonstration feedback 3; not a real customer review.","SAMPLE - Lotus Learning","SAMPLE - Creative Learning Day"
"3","Synthetic demonstration feedback 4; not a real customer review.","SAMPLE - Meridian Labs","SAMPLE - Community Anniversary"
"4","Synthetic demonstration feedback 5; not a real customer review.","SAMPLE - Bluebird Arts","SAMPLE - Festival of Lights"
"5","Synthetic demonstration feedback 6; not a real customer review.","SAMPLE - Maple Community","SAMPLE - Acoustic Evening"
"3","Synthetic demonstration feedback 7; not a real customer review.","SAMPLE - Silverline Media","SAMPLE - Innovation Workshop"
"4","Synthetic demonstration feedback 8; not a real customer review.","SAMPLE - Sunrise Foundation","SAMPLE - Winter Partners Meet"
"5","Synthetic demonstration feedback 9; not a real customer review.","SAMPLE - Horizon Works","SAMPLE - Client Appreciation Day"
"3","Synthetic demonstration feedback 10; not a real customer review.","SAMPLE - Aurora Studios","SAMPLE - Community Arts Review"
