"Vendor Name","Email","Phone","Service Type","Status"
"SAMPLE - Cedar Catering","eventforce.vendor1@example.com","0000000101","Catering","Available"
"SAMPLE - Lotus Decor","eventforce.vendor2@example.com","0000000102","Decor","Available"
"SAMPLE - Meridian Photography","eventforce.vendor3@example.com","0000000103","Photography","Available"
"SAMPLE - Bluebird Films","eventforce.vendor4@example.com","0000000104","Videography","Available"
"SAMPLE - Maple Lighting","eventforce.vendor5@example.com","0000000105","Lighting","Available"
"SAMPLE - Silverline Stages","eventforce.vendor6@example.com","0000000106","Stage Setup","Available"
"SAMPLE - Sunrise Makeup","eventforce.vendor7@example.com","0000000107","Makeup Artist","Available"
"SAMPLE - Horizon Music","eventforce.vendor8@example.com","0000000108","DJ/Music","Available"
"SAMPLE - Riverstone Transport","eventforce.vendor9@example.com","0000000109","Transportation","Available"
"SAMPLE - Aurora Hosts","eventforce.vendor10@example.com","0000000110","Hosting/Anchor","Available"
