"Venue Name","Address","Location","Capacity","Availability Status"
"SAMPLE - Cedar Convention Centre","Fictional Demo Venue 1, Sample Avenue","https://example.com/eventforce/venue/1","100","Available"
"SAMPLE - Lotus Garden Pavilion","Fictional Demo Venue 2, Sample Avenue","https://example.com/eventforce/venue/2","150","Available"
"SAMPLE - Meridian Conference Hall","Fictional Demo Venue 3, Sample Avenue","https://example.com/eventforce/venue/3","200","Available"
"SAMPLE - Bluebird Arts Theatre","Fictional Demo Venue 4, Sample Avenue","https://example.com/eventforce/venue/4","250","Available"
"SAMPLE - Maple Community Hall","Fictional Demo Venue 5, Sample Avenue","https://example.com/eventforce/venue/5","300","Available"
"SAMPLE - Silverline Rooftop","Fictional Demo Venue 6, Sample Avenue","https://example.com/eventforce/venue/6","350","Available"
"SAMPLE - Sunrise Banquet Hall","Fictional Demo Venue 7, Sample Avenue","https://example.com/eventforce/venue/7","400","Available"
"SAMPLE - Horizon Exhibition Centre","Fictional Demo Venue 8, Sample Avenue","https://example.com/eventforce/venue/8","450","Available"
"SAMPLE - Riverstone Auditorium","Fictional Demo Venue 9, Sample Avenue","https://example.com/eventforce/venue/9","500","Available"
